{"util": 0.6447339653968811, "pay": 2.2576613426208496, "regret": 0.0016542699886485934}