{"util": 0.6575541496276855, "pay": 2.3105597496032715, "regret": 0.0015188604593276978}