{"util": 3.6591861248016357, "pay": 9.896921157836914, "regret": 0.007268032990396023}