{"util": 1.1838358640670776, "pay": 5.635280609130859, "regret": 0.002265595830976963}