{"util": 0.26664140820503235, "pay": 0.717543363571167, "regret": 0.00041998669621534646}