{"util": 0.27781930565834045, "pay": 0.8823229074478149, "regret": 0.0007690749480389059}