{"util": 3.922926902770996, "pay": 9.82667350769043, "regret": 0.0077321287244558334}