{"util": 0.31189531087875366, "pay": 0.8874268531799316, "regret": 0.0004041021747980267}