{"util": 1.1732985973358154, "pay": 5.675143241882324, "regret": 0.00612550089135766}