{"util": 0.24014833569526672, "pay": 0.7205485701560974, "regret": 0.0009719098452478647}